vehicle_id,driver_id,timestamp,fuel_level,fuel_consumed,distance_traveled,fuel_efficiency,cost
VH-001,DR-001,2024-01-15 08:00:00,85.0,0.0,0.0,0.0,0.0
VH-001,DR-001,2024-01-15 12:30:00,62.5,35.2,150.5,4.28,3520.0
VH-002,DR-002,2024-01-15 09:00:00,78.0,0.0,0.0,0.0,0.0
VH-002,DR-002,2024-01-15 14:00:00,58.7,28.7,120.3,4.19,2870.0
VH-003,DR-003,2024-01-15 10:00:00,92.0,0.0,0.0,0.0,0.0
VH-003,DR-003,2024-01-15 13:30:00,84.3,12.3,45.2,3.68,1230.0
VH-004,DR-004,2024-01-15 11:00:00,65.0,0.0,0.0,0.0,0.0
VH-004,DR-004,2024-01-15 16:30:00,39.8,42.8,180.7,4.23,4280.0
VH-005,DR-005,2024-01-15 12:00:00,88.0,0.0,0.0,0.0,0.0
VH-005,DR-005,2024-01-15 18:00:00,71.2,22.4,95.4,4.26,2240.0
VH-001,DR-001,2024-01-16 07:00:00,62.5,0.0,0.0,0.0,0.0
VH-001,DR-001,2024-01-16 11:30:00,39.5,34.8,152.1,4.38,3480.0
VH-002,DR-002,2024-01-16 08:30:00,58.7,0.0,0.0,0.0,0.0
VH-002,DR-002,2024-01-16 13:00:00,40.2,27.9,118.9,4.26,2790.0
VH-006,DR-006,2024-01-16 09:00:00,75.0,0.0,0.0,0.0,0.0
VH-006,DR-006,2024-01-16 15:00:00,44.5,38.9,165.3,4.25,3890.0
