vehicle_id,timestamp,latitude,longitude,speed,heading,altitude
VH-001,2024-01-15 08:00:00,19.0760,72.8777,45.5,180.0,50.0
VH-001,2024-01-15 08:05:00,19.0780,72.8790,52.3,185.0,51.0
VH-001,2024-01-15 08:10:00,19.0800,72.8810,48.7,190.0,52.0
VH-001,2024-01-15 08:15:00,19.0820,72.8830,55.2,195.0,53.0
VH-001,2024-01-15 08:20:00,19.0840,72.8850,42.8,200.0,54.0
VH-002,2024-01-15 09:00:00,19.0900,72.8900,38.5,175.0,48.0
VH-002,2024-01-15 09:05:00,19.0920,72.8920,44.2,180.0,49.0
VH-002,2024-01-15 09:10:00,19.0940,72.8940,50.1,185.0,50.0
VH-002,2024-01-15 09:15:00,19.0960,72.8960,46.8,190.0,51.0
VH-002,2024-01-15 09:20:00,19.0980,72.8980,41.3,195.0,52.0
VH-003,2024-01-15 10:00:00,19.1000,72.9000,35.7,170.0,45.0
VH-003,2024-01-15 10:05:00,19.1020,72.9020,40.2,175.0,46.0
VH-003,2024-01-15 10:10:00,19.1040,72.9040,45.8,180.0,47.0
VH-003,2024-01-15 10:15:00,19.1060,72.9060,42.1,185.0,48.0
VH-003,2024-01-15 10:20:00,19.1080,72.9080,38.9,190.0,49.0
VH-004,2024-01-15 11:00:00,19.1100,72.9100,52.4,165.0,55.0
VH-004,2024-01-15 11:05:00,19.1120,72.9120,58.1,170.0,56.0
VH-004,2024-01-15 11:10:00,19.1140,72.9140,55.7,175.0,57.0
VH-004,2024-01-15 11:15:00,19.1160,72.9160,49.3,180.0,58.0
VH-004,2024-01-15 11:20:00,19.1180,72.9180,44.6,185.0,59.0
