journey_id,vehicle_id,driver_id,start_time,end_time,start_location,end_location,distance,duration,average_speed,max_speed,fuel_consumed,status
JRN-001,VH-001,DR-001,2024-01-15 08:00:00,2024-01-15 12:30:00,Mumbai Warehouse,Pune Distribution Center,150.5,270,33.4,68.5,35.2,COMPLETED
JRN-002,VH-002,DR-002,2024-01-15 09:00:00,2024-01-15 14:00:00,Thane Logistics,Nashid Depot,120.3,300,24.1,62.3,28.7,COMPLETED
JRN-003,VH-003,DR-003,2024-01-15 10:00:00,2024-01-15 13:30:00,Mumbai City,Navi Mumbai Hub,45.2,210,12.9,48.5,12.3,COMPLETED
JRN-004,VH-004,DR-004,2024-01-15 11:00:00,2024-01-15 16:30:00,Kalyan Yard,Palghar Port,180.7,330,32.9,72.1,42.8,COMPLETED
JRN-005,VH-005,DR-005,2024-01-15 12:00:00,2024-01-15 18:00:00,Andheri Terminal,Vasai Creek,95.4,360,15.9,55.2,22.4,COMPLETED
JRN-006,VH-001,DR-001,2024-01-16 07:00:00,2024-01-16 11:30:00,Pune Distribution Center,Mumbai Warehouse,152.1,270,33.6,67.8,34.8,COMPLETED
JRN-007,VH-002,DR-002,2024-01-16 08:30:00,2024-01-16 13:00:00,Nashid Depot,Thane Logistics,118.9,270,26.4,58.9,27.9,COMPLETED
JRN-008,VH-006,DR-006,2024-01-16 09:00:00,2024-01-16 15:00:00,Mumbai Port,Kalyan Yard,165.3,360,27.6,65.4,38.9,COMPLETED
JRN-009,VH-007,DR-007,2024-01-16 10:00:00,2024-01-16 14:30:00,Borivali West,Dombivli East,38.7,270,8.6,42.3,10.2,COMPLETED
JRN-010,VH-008,DR-008,2024-01-16 11:00:00,2024-01-16 17:00:00,Vasai Creek,Andheri Terminal,98.2,360,16.4,53.7,23.1,COMPLETED
